billing_address,bill_id
607 Chive Center,34
728 Logan Drive,21
895 Vernon Avenue,70
1 Hollow Ridge Pass,64
99 Glacier Hill Pass,74
1841 Fisk Pass,98
1 Garrison Hill,77
9934 Parkside Trail,31
7939 Everett Point,49
41 Milwaukee Way,34
1 Monica Park,87
9472 Prairie Rose Crossing,10
904 Harbort Street,16
0 Forster Plaza,50
0 Drewry Way,62
292 Park Meadow Plaza,45
5 Calypso Park,42
15461 New Castle Junction,81
8 Swallow Junction,59
8 Shoshone Parkway,41
21228 Nevada Park,44
2577 Kingsford Court,50
37301 Spenser Crossing,83
12 Waubesa Street,88
90115 Harbort Court,14
354 Dapin Court,78
9 Gale Alley,88
38229 Old Gate Pass,17
17 Rockefeller Drive,97
7675 Esch Court,84
4 Dennis Place,40
816 Monterey Hill,25
89681 Graedel Parkway,75
71 Pawling Circle,58
8047 Porter Street,21
58 Ridgeview Junction,12
5695 Westend Avenue,39
54970 Oneill Avenue,37
1 Trailsway Court,64
9 Crescent Oaks Parkway,85
00 Rockefeller Street,75
5553 Hollow Ridge Street,54
34094 Cordelia Drive,93
17 Waubesa Place,40
5375 Myrtle Alley,99
5938 High Crossing Avenue,20
031 Raven Terrace,49
9262 Hudson Trail,63
9 Rusk Place,23
519 Straubel Street,86
34 Elka Parkway,25
63766 Corben Alley,55
23667 Crescent Oaks Plaza,45
85 Armistice Court,81
3782 Jenifer Lane,63
47 Esch Lane,22
2897 Columbus Alley,47
7427 Donald Place,66
9137 Towne Point,46
6 Sunnyside Place,77
6405 Utah Alley,19
0 Jana Crossing,81
0955 Basil Circle,80
5 Sycamore Drive,1
97 Roxbury Hill,33
02711 Basil Pass,21
2 Nelson Lane,13
6 Scott Parkway,75
575 Steensland Hill,97
8 Charing Cross Center,18
3 Cottonwood Park,27
43938 Hollow Ridge Crossing,25
2149 Grayhawk Park,23
51056 Pankratz Drive,34
8462 Monument Lane,71
580 Gerald Center,22
434 Ridgeway Parkway,93
954 Holmberg Court,71
2 Northview Junction,43
9 Nancy Drive,94
01246 Nevada Place,97
4615 Cottonwood Pass,98
3041 Steensland Lane,46
9019 Macpherson Lane,25
77 Mccormick Park,96
664 South Avenue,37
1442 Longview Junction,44
3493 Manufacturers Way,49
89 Buhler Circle,2
38 Eliot Place,77
022 Luster Road,63
7 Nancy Avenue,46
1749 Victoria Junction,83
33910 Hauk Plaza,38
288 Bluejay Parkway,27
233 Waubesa Place,39
5 Milwaukee Point,42
33398 Alpine Terrace,82
1 Del Sol Lane,66
12 La Follette Parkway,44
