card_no,card_name,card_type,transaction_id
3553209225447046,Laurie Went,jcb,34
5610523563769209,Hiram Crosswaite,china-unionpay,21
3570279166803191,Elsy Taggert,jcb,70
5018361982249125,Yalonda Yellowlee,maestro,64
3533575057754484,Darrick Search,jcb,74
4.90556859462843E+018,Colet Boyes,switch,98
5.60225470419788E+018,Erasmus Urion,china-unionpay,77
3531990889406033,Jaine McCarry,jcb,31
3536941221728688,Bernie Maier,jcb,49
3559361448487962,Dawna Twaite,jcb,34
3529301879142790,Yurik Gudgion,jcb,87
6380601480591553,Derron MacCosty,instapayment,10
3548363288594133,Dolores McKiddin,jcb,16
3571973935187923,Sheff Meaddowcroft,jcb,50
30078131555674,Josepha Parrington,diners-club-carte-blanche,62
6304367135303512,Daisy Ephson,laser,45
349933685705248,Kyle Galbraith,americanexpress,42
3558237826723155,Cobbie Eallis,jcb,81
5002352151481985,Tome Derell,mastercard,59
201654985402636,Ursula Josefer,diners-club-enroute,41
5.60224892479354E+016,Lazaro Bellefant,china-unionpay,44
5602215974839453,Tanitansy Brittin,bankcard,50
30379305847453,Marlo Gridon,diners-club-carte-blanche,83
3574131554391758,Ann Blose,jcb,88
3556988341607040,Milli Bente,jcb,14
6389923217106005,Cale Berrigan,instapayment,78
5395630286180852,Filide Barkworth,mastercard,88
3575868258839330,Ludwig Wolfindale,jcb,17
5602240611245443,April Nore,china-unionpay,97
5108756656563274,Mavra Mussetti,mastercard,84
5.60223747145659E+018,Lezley Theobalds,china-unionpay,40
6.30417768852089E+016,Aurilia Dudney,maestro,25
3529900984618782,Lula Davidoff,jcb,75
3574071278954855,Jojo Bakster,jcb,58
3542753496257877,Winnah Wickson,jcb,21
3554096536543483,Muriel Hemerijk,jcb,12
5.02099989852957E+017,Drusi Gooms,maestro,39
3565438036172461,Corliss Stirland,jcb,37
5100175834342162,Myrtie Mossdale,mastercard,64
5.64182697341955E+017,Cesaro Arthey,switch,85
3547874566144103,Aurel Nordass,jcb,75
3529910498911920,Alys Janaszewski,jcb,54
3534637807328289,Modestia Alday,jcb,93
6.75921626492332E+016,Rhonda Antoney,maestro,40
30058607639103,Penny Gadsden,diners-club-carte-blanche,99
30237164171169,Ellary M'cowis,diners-club-carte-blanche,20
374283137041919,Toby Taill,americanexpress,49
3563365767882699,Adeline Gready,jcb,63
3540502062445032,Wilmer McCloughlin,jcb,23
3589453756897249,Blake Allmann,jcb,86
4844519778047192,Lorenzo Posnett,visa-electron,25
3571341042661562,Nonah Pitblado,jcb,55
3528517007627441,Orelie Bruin,jcb,45
5602248812267595,Den Fillimore,bankcard,81
374283228683454,Vaclav Hartil,americanexpress,63
5602238290966578,Paxton Grenter,bankcard,22
3574468401503676,Sherline Ruslin,jcb,47
3559602688551318,Etta Swiffen,jcb,66
4041593525454,Leila Crummay,visa,46
201431973850245,Irwin Stanners,diners-club-enroute,77
3544895086275757,Dasi Sarl,jcb,19
6.04504214463943E+016,Myrna Mainland,maestro,81
4.90305932154601E+017,Amitie Harpur,switch,80
5610327182990570,Beth Brithman,bankcard,1
5100177792048393,Stuart Duly,mastercard,33
3537043733974675,Frankie Mennear,jcb,21
4507462926569,Etan Breeder,visa,13
3584402728013588,Augustine Pattini,jcb,75
3575585521648708,Oralee Currer,jcb,97
4175003513383609,Theodore Blaasch,visa-electron,18
3571305103997066,Hetty Quittonden,jcb,27
6.30461610064874E+016,Farrand Rollett,laser,25
5010122513090539,Helen Ingry,mastercard,23
201916729263842,Myrtice Livens,diners-club-enroute,34
5339070028075715,Luella Caldwall,mastercard,71
3531444073704274,Dennison Killiam,jcb,22
5100179509055000,Lorelle Shirer,mastercard,93
3552033371633543,Reggy Rolinson,jcb,71
6375457322613825,Lanny Cooley,instapayment,43
3580413380103009,Carmella Leversha,jcb,94
201780603932744,Moise Zylberdik,diners-club-enroute,97
3553619681259117,Arin Hofler,jcb,98
4.93658231380218E+018,Kele Mayow,switch,46
4405628207342644,Jewel MacGibbon,visa-electron,25
6.76373555240065E+016,Calhoun Peckitt,maestro,96
201714563242042,Karol Paffett,diners-club-enroute,37
3543322048594036,Rosamund Iddons,jcb,44
5610848461194998,Giusto Ugoni,bankcard,49
3571985137936543,Myrwyn Thew,jcb,2
348981498882788,Thaine Pietasch,americanexpress,77
3585626700109787,Noelani Mcwhinney,jcb,63
3533104597533900,Eadmund Thurley,jcb,46
3578179905859599,Darline Kerwen,jcb,83
4041594875429,Casie Koeppe,visa,38
3589682669745182,Harmony Jira,jcb,27
6771086229504504,Alejoa Flather,laser,39
5602221373961203,Livvie Madge,bankcard,42
6376408835224815,Bartlett Capaldi,instapayment,82
201868792880533,Wilhelmine Braywood,diners-club-enroute,66
6.70998673401066E+016,Carmela Mattusov,laser,44
