transaction_id,transaction_holder_name,timestamp,transaction_holder_email,transaction_holder_phn_no,amount
34,Norine,21-06-2019 04:31:46 PM,nhantusch0@zdnet.com,721-321-2750,10584
21,Marthe,19-01-2019 02:02:24 PM,mleguin1@apache.org,136-871-2187,25838
70,Giffy,19-04-2019 03:47:52 PM,gempson2@yellowpages.com,353-821-8135,12365
64,Clayborne,28-06-2019 11:24:19 PM,chawkridge3@pinterest.com,912-289-4245,63734
74,Abeu,21-07-2019 01:13:44 AM,amarty4@squidoo.com,376-712-5869,8855
98,Cynthea,27-03-2019 01:05:43 PM,ckrysztofowicz5@freewebs.com,870-399-4702,42604
77,Susan,25-06-2019 01:42:34 AM,sgrigorescu6@netvibes.com,136-589-7316,45203
31,Farlay,24-05-2019 07:45:33 PM,fbridgewater7@google.nl,376-342-0848,50867
49,Zebulon,07-09-2019 12:26:45 AM,zbrusby8@sitemeter.com,599-790-2306,48613
34,Harmon,12-06-2019 04:28:42 AM,hgosford9@instagram.com,324-499-0242,94974
87,Amelina,30-01-2019 01:16:03 AM,aogleviea@netvibes.com,916-294-5469,29082
10,Franklin,23-04-2019 11:11:37 PM,ffellb@ustream.tv,750-452-4045,70890
16,Hube,11-01-2019 03:51:45 AM,hmacnultyc@ted.com,523-258-6377,63020
50,Meredith,06-06-2019 11:07:26 AM,mbewd@craigslist.org,679-359-8242,72386
62,Freddie,26-03-2019 12:03:29 PM,fkettoee@nih.gov,253-326-3067,50873
45,Margalo,27-08-2019 03:06:51 AM,mdibdenf@miitbeian.gov.cn,306-251-8406,20918
42,Rufus,07-05-2019 04:46:40 PM,rrosensaftg@51.la,842-767-7874,58837
81,Phebe,25-04-2019 12:00:17 PM,pwhitneyh@cdbaby.com,779-462-7448,27117
59,Ewart,06-01-2019 04:22:54 PM,efawcusi@msn.com,284-407-4099,61748
41,Egor,01-04-2019 04:09:12 AM,ebettamj@artisteer.com,100-361-2463,492
44,Fayina,24-05-2019 05:09:17 AM,fgiffautk@bluehost.com,302-235-0519,85286
50,Elisabetta,24-05-2019 04:35:13 PM,estrathdeel@kickstarter.com,640-224-2509,29270
83,Diandra,14-04-2019 06:15:55 PM,dgalbraithm@google.com.au,183-495-9198,62022
88,Reid,21-05-2019 01:32:29 AM,rkuschekn@craigslist.org,406-198-4701,32876
14,Charin,15-03-2019 01:36:05 PM,ctrowbridgeo@hugedomains.com,436-502-3547,22396
78,Daisey,16-01-2019 07:34:45 AM,dtripettp@china.com.cn,417-667-1941,65352
88,Eydie,10-02-2019 10:14:22 PM,estookesq@google.co.uk,210-948-8845,28532
17,Clementius,28-08-2019 10:06:33 PM,crufflerr@typepad.com,243-708-2545,71210
97,Adham,09-09-2019 01:41:50 AM,apooles@wired.com,848-861-0109,99174
84,Rhody,15-06-2019 06:11:12 AM,rbeadlest@delicious.com,750-993-4412,80438
40,Giuseppe,02-09-2019 07:11:53 PM,gbrettellu@digg.com,960-764-5316,39878
25,Megen,29-03-2019 09:52:56 AM,mcallejav@nature.com,428-983-8062,51052
75,Jacky,15-01-2019 08:13:46 PM,jpowleslandw@jugem.jp,586-581-0225,40545
58,Lyndy,29-07-2019 02:51:06 AM,levamyx@twitter.com,299-461-2827,24564
21,Tandi,07-06-2019 01:53:41 AM,traisey@paginegialle.it,951-449-9471,15378
12,Marlane,07-06-2019 07:51:38 AM,msallengerz@google.pl,196-172-9882,23312
39,Chev,10-04-2019 07:00:27 AM,crandales10@blogs.com,492-188-2109,49240
37,Sadella,18-02-2019 07:31:59 PM,ssushams11@sfgate.com,102-655-1754,70645
64,Emmalyn,12-06-2019 05:43:20 PM,ehaskey12@domainmarket.com,704-503-6455,80875
85,Kliment,12-05-2019 08:35:36 PM,khigford13@examiner.com,959-585-5335,84837
75,Iseabal,07-02-2019 12:29:49 PM,ivanyarkin14@ox.ac.uk,845-628-5007,78674
54,Bella,10-05-2019 12:09:20 AM,bpackington15@over-blog.com,657-245-6092,13315
93,Brew,20-07-2019 05:43:27 PM,bbaskwell16@blogspot.com,420-473-3477,39770
40,Fredek,03-09-2019 07:14:40 PM,ffaich17@last.fm,328-472-4942,89978
99,Rufus,21-02-2019 05:23:02 PM,rmacginney18@google.co.uk,737-731-6477,73631
20,Carver,17-08-2019 02:37:56 PM,cforten19@phoca.cz,662-532-9816,16043
49,Yolanda,28-08-2019 12:19:47 AM,ypryke1a@irs.gov,898-537-9720,96239
63,Gratia,24-01-2019 08:15:33 AM,gmeneghelli1b@biblegateway.com,561-121-6522,22012
23,Laraine,30-01-2019 11:37:32 PM,lstonner1c@spiegel.de,427-836-6807,44445
86,Kiele,14-02-2019 06:03:30 AM,kdearness1d@vistaprint.com,848-274-2525,25664
25,Renard,03-03-2019 05:19:52 AM,rmoakson1e@statcounter.com,212-301-8753,84380
55,Yoshiko,03-09-2019 04:02:56 AM,ybirds1f@cdbaby.com,353-568-6481,29408
45,Lyn,30-06-2019 01:05:41 AM,lflippen1g@earthlink.net,510-736-3365,14100
81,Whitaker,18-04-2019 05:11:09 PM,whodgon1h@sfgate.com,885-911-2628,22321
63,Blakeley,12-03-2019 12:14:44 AM,bahmad1i@xing.com,564-226-8993,65632
22,Virgil,21-07-2019 02:52:07 AM,vprothero1j@xinhuanet.com,731-234-8256,60245
47,Codi,27-06-2019 05:56:00 AM,ctremoulet1k@independent.co.uk,630-820-7079,55240
66,Dillie,03-01-2019 02:12:42 AM,dmarzelle1l@smugmug.com,366-726-1756,82959
46,Averell,24-05-2019 11:03:52 PM,amalacrida1m@umich.edu,350-903-8377,11812
77,Danna,05-06-2019 06:29:42 PM,dlarham1n@wikimedia.org,244-336-3145,94598
19,Eveline,02-02-2019 05:23:53 PM,ehudghton1o@etsy.com,315-429-9043,97844
81,Carole,13-04-2019 03:13:11 AM,cspiaggia1p@netvibes.com,898-245-4831,57283
80,Auberta,03-04-2019 12:10:13 PM,arittmeier1q@dagondesign.com,683-241-7264,71741
1,Aylmer,21-03-2019 04:29:27 PM,awestfield1r@comsenz.com,885-422-5065,55340
33,Shaylyn,31-01-2019 02:46:42 AM,sclemitt1s@walmart.com,132-359-6354,83446
21,Lucille,09-05-2019 11:12:30 AM,ldominico1t@ucla.edu,433-496-4710,2372
13,Faustina,06-06-2019 10:09:36 AM,fhenriquet1u@unicef.org,378-206-9578,79667
75,Ephrayim,17-07-2019 08:16:53 PM,efibbens1v@tumblr.com,741-912-2924,87348
97,Avictor,07-02-2019 11:37:44 AM,aweldrick1w@vimeo.com,462-877-6517,9134
18,Sylas,04-02-2019 11:55:23 PM,ssnowling1x@elegantthemes.com,736-566-7461,16203
27,Cherilynn,09-02-2019 07:37:40 AM,cborne1y@flavors.me,551-115-1100,50492
25,Mirelle,28-08-2019 02:37:32 PM,malves1z@mozilla.org,932-395-6031,91400
23,Augustine,14-05-2019 03:19:42 AM,ajossum20@123-reg.co.uk,183-754-0086,26797
34,Benn,24-08-2019 07:27:52 AM,bmcgilvra21@goo.ne.jp,626-400-5842,61004
71,Naoma,31-01-2019 06:01:20 PM,narlet22@cdc.gov,858-627-1927,44416
22,Cate,05-03-2019 06:13:51 AM,clinnock23@cbslocal.com,116-857-2128,99984
93,Boris,02-09-2019 07:49:28 AM,bangood24@slashdot.org,308-173-4541,64191
71,Wally,25-03-2019 12:11:07 AM,wtrafford25@latimes.com,632-804-8393,45429
43,Waldon,12-02-2019 09:13:51 AM,wcaslett26@weather.com,546-622-5340,3448
94,Krystle,29-08-2019 11:49:47 AM,kholson27@nba.com,227-219-2077,3581
97,Dolph,07-07-2019 06:52:13 PM,demor28@clickbank.net,199-853-4855,52619
98,Junina,07-09-2019 04:54:44 AM,jloreit29@paginegialle.it,175-723-4529,3705
46,Wernher,09-05-2019 02:41:38 AM,wfirle2a@usatoday.com,411-974-4580,97367
25,Lowrance,14-07-2019 02:42:08 AM,ldun2b@netvibes.com,764-950-0356,86547
96,Laural,04-07-2019 02:49:32 PM,lkeenleyside2c@google.co.uk,347-239-0712,64825
37,Helene,21-06-2019 01:40:15 AM,hblackston2d@canalblog.com,616-962-5676,27752
44,Deny,28-02-2019 01:58:20 AM,djervis2e@wordpress.org,857-765-3020,34821
49,Jannelle,14-08-2019 08:20:45 AM,jlob2f@a8.net,141-537-7269,28852
2,Janene,20-01-2019 05:49:11 AM,jhalford2g@hostgator.com,357-414-9460,77210
77,Ransom,02-07-2019 08:03:19 AM,rbannister2h@economist.com,476-307-6494,50183
63,Hogan,09-03-2019 01:35:10 AM,hgavagan2i@4shared.com,151-675-0038,60012
46,Kessiah,25-02-2019 04:43:23 AM,kgianettini2j@telegraph.co.uk,367-618-1734,42646
83,Emmalynne,23-05-2019 08:31:38 AM,escreas2k@studiopress.com,763-567-2283,3120
38,Zonnya,29-03-2019 01:43:50 PM,zfitchen2l@cisco.com,795-265-6804,74480
27,Ruthy,18-08-2019 06:13:13 AM,rstevenson2m@home.pl,600-123-9769,35682
39,Cobbie,07-07-2019 10:54:15 PM,ctournie2n@storify.com,109-663-3736,2822
42,Raquel,19-07-2019 09:30:16 PM,rtemplman2o@tumblr.com,313-909-6132,79454
82,Edgard,12-09-2019 02:27:16 AM,eormrod2p@imdb.com,393-868-3155,13606
66,Libby,31-08-2019 07:24:45 AM,lciani2q@europa.eu,862-936-8734,49659
44,Shell,26-08-2019 08:20:27 AM,sserck2r@histats.com,629-233-4233,30893
